City_ID,City,Country,Date,Lat,Lng,Max Temp,Humidity,Cloudiness,Wind Speed
0,Ushuaia,AR,2022-09-25 00:10:42,-54.8,-68.3,38.86,75,40,11.5
1,Saint-Francois,FR,2022-09-25 00:10:43,46.4154,3.9054,54.84,88,100,5.75
2,Punta Arenas,CL,2022-09-25 00:10:43,-53.15,-70.9167,41.11,56,75,16.11
3,Lepe,ES,2022-09-25 00:10:44,37.2548,-7.2043,68.11,58,59,14.92
4,Mataura,NZ,2022-09-25 00:10:45,-46.1927,168.8643,56.88,65,100,7.27
5,Arman,RU,2022-09-25 00:10:45,59.7,150.1667,43.02,50,100,9.4
6,Bulgan,MN,2022-09-25 00:10:46,48.8125,103.5347,38.61,70,41,3.89
7,Dudinka,RU,2022-09-25 00:10:46,69.4058,86.1778,27.63,88,100,17.13
8,Clyde River,CA,2022-09-25 00:10:47,70.4692,-68.5914,30.47,78,100,11.23
9,Busselton,AU,2022-09-25 00:10:48,-33.65,115.3333,56.64,76,93,6.2
10,Mareeba,AU,2022-09-25 00:10:49,-17.0,145.4333,86.43,56,100,7.05
11,Katsuura,JP,2022-09-25 00:08:23,35.1333,140.3,73.78,67,88,21.52
12,Tuktoyaktuk,CA,2022-09-25 00:10:50,69.4541,-133.0374,35.04,66,100,10.6
13,Port Blair,IN,2022-09-25 00:10:51,11.6667,92.75,80.06,81,94,5.26
14,Port Alfred,ZA,2022-09-25 00:10:51,-33.5906,26.891,65.17,92,100,5.01
15,Luderitz,NA,2022-09-25 00:10:52,-26.6481,15.1594,54.0,89,100,6.31
16,Erenhot,CN,2022-09-25 00:10:52,43.6475,111.9767,53.98,56,46,5.48
17,Lamu,KE,2022-09-25 00:10:53,-2.2717,40.902,75.42,87,68,13.44
18,Lagoa,PT,2022-09-25 00:10:53,39.05,-27.9833,71.71,80,20,21.5
19,Hobart,AU,2022-09-25 00:10:55,-42.8794,147.3294,56.26,75,75,10.36
20,Kashan,IR,2022-09-25 00:10:55,33.9831,51.4364,81.59,16,0,2.06
21,Chimbote,PE,2022-09-25 00:10:56,-9.0853,-78.5783,62.01,84,83,10.18
22,Saskylakh,RU,2022-09-25 00:10:56,71.9167,114.0833,28.58,95,100,8.57
23,Jamestown,US,2022-09-25 00:07:58,42.097,-79.2353,56.84,56,100,0.0
24,Hermanus,ZA,2022-09-25 00:10:57,-34.4187,19.2345,57.79,90,100,7.0
25,Yellowknife,CA,2022-09-25 00:08:59,62.456,-114.3525,42.57,48,50,10.0
26,Hun,LY,2022-09-25 00:09:22,29.1268,15.9477,72.39,62,0,6.76
27,Albany,US,2022-09-25 00:07:10,42.6001,-73.9662,57.56,79,64,5.68
28,Puerto Ayora,EC,2022-09-25 00:10:59,-0.7393,-90.3518,67.55,91,87,7.0
29,Constitucion,CL,2022-09-25 00:11:00,-35.3333,-72.4167,51.17,89,94,2.01
30,Rikitea,PF,2022-09-25 00:11:01,-23.1203,-134.9692,70.16,70,59,17.07
31,Tiksi,RU,2022-09-25 00:11:01,71.6872,128.8694,32.85,85,86,17.67
32,Maarianhamina,AX,2022-09-25 00:11:02,60.0973,19.9348,48.06,100,100,0.0
33,Castro,BR,2022-09-25 00:11:02,-24.7911,-50.0119,51.06,80,2,5.79
34,Bluff,NZ,2022-09-25 00:11:03,-46.6,168.3333,54.03,74,100,11.16
35,Georgetown,MY,2022-09-25 00:07:45,5.4112,100.3354,76.95,93,40,2.3
36,Iqaluit,CA,2022-09-25 00:11:04,63.7506,-68.5145,34.7,80,4,11.01
37,Provideniya,RU,2022-09-25 00:11:05,64.3833,-173.3,40.23,57,93,9.93
38,Gizo,SB,2022-09-25 00:11:06,-8.103,156.8419,84.4,70,99,6.69
39,North Bend,US,2022-09-25 00:07:20,43.4065,-124.2243,82.24,81,0,20.71
40,Ust-Kuyga,RU,2022-09-25 00:11:07,70.0167,135.6,26.06,81,52,2.06
41,Mana,GF,2022-09-25 00:06:15,5.6592,-53.7767,79.48,82,58,8.57
42,Havelock,US,2022-09-25 00:11:08,34.8791,-76.9013,70.95,67,18,6.33
43,Maldonado,UY,2022-09-25 00:06:26,-34.6667,-54.9167,55.22,82,46,5.95
44,Cape Town,ZA,2022-09-25 00:11:09,-33.9258,18.4232,61.38,78,0,4.0
45,Esso,RU,2022-09-25 00:12:10,55.9333,158.7,39.07,99,100,8.81
46,Cayenne,GF,2022-09-25 00:12:11,4.9333,-52.3333,80.64,83,0,4.61
47,Te Anau,NZ,2022-09-25 00:12:12,-45.4167,167.7167,56.61,67,100,0.2
48,Batemans Bay,AU,2022-09-25 00:12:12,-35.7167,150.1833,61.11,62,20,3.74
49,Kuytun,RU,2022-09-25 00:12:13,54.3419,101.5036,33.19,93,80,4.7
50,Santa Cruz Del Norte,CU,2022-09-25 00:12:14,23.1539,-81.9236,82.29,76,19,10.85
51,Qandala,SO,2022-09-25 00:12:14,11.472,49.8728,84.56,67,27,2.86
52,Victoria,HK,2022-09-25 00:12:06,22.2855,114.1577,83.25,79,23,8.01
53,Cidreira,BR,2022-09-25 00:12:16,-30.1811,-50.2056,57.96,81,0,7.83
54,Taltal,CL,2022-09-25 00:12:17,-25.4,-70.4833,59.0,76,20,4.29
55,Durango,MX,2022-09-25 00:10:10,24.8333,-104.8333,73.42,42,35,5.32
56,Atuona,PF,2022-09-25 00:12:18,-9.8,-139.0333,76.89,73,52,16.8
57,Khorixas,NA,2022-09-25 00:12:19,-20.3667,14.9667,63.09,25,1,3.8
58,Bredasdorp,ZA,2022-09-25 00:12:20,-34.5322,20.0403,55.36,97,100,0.81
59,Plouzane,FR,2022-09-25 00:12:20,48.3833,-4.6167,53.65,93,0,9.22
60,Mahebourg,MU,2022-09-25 00:12:21,-20.4081,57.7,70.09,73,40,13.8
61,Nantucket,US,2022-09-25 00:12:22,41.2835,-70.0995,62.71,67,0,11.5
62,Faanui,PF,2022-09-25 00:12:23,-16.4833,-151.75,77.97,75,8,20.87
63,Machaneng,BW,2022-09-25 00:12:24,-23.1862,27.4886,73.78,43,0,15.21
64,Tete,MZ,2022-09-25 00:12:24,-16.1564,33.5867,80.22,46,47,6.85
65,Hilo,US,2022-09-25 00:10:47,19.7297,-155.09,86.29,79,100,9.22
66,Mossendjo,CG,2022-09-25 00:12:26,-2.9506,12.7261,69.93,93,100,3.67
67,Port Hardy,CA,2022-09-25 00:12:26,50.6996,-127.4199,57.38,94,75,4.61
68,Airai,TL,2022-09-25 00:12:27,-8.9266,125.4092,72.5,43,53,2.21
69,Coquimbo,CL,2022-09-25 00:12:28,-29.9533,-71.3436,55.13,94,20,4.61
70,Ixtapa,MX,2022-09-25 00:12:29,20.7,-105.2,86.23,79,75,9.22
71,Kayattar,IN,2022-09-25 00:12:30,8.95,77.8,79.25,67,88,8.14
72,Gamba,GA,2022-09-25 00:12:31,-2.65,10.0,75.07,88,100,9.19
73,Shimoda,JP,2022-09-25 00:12:32,34.6667,138.95,73.11,78,93,15.1
74,Juegang,CN,2022-09-25 00:12:33,32.3174,121.1855,71.91,65,100,7.56
75,Bengkulu,ID,2022-09-25 00:12:35,-3.8004,102.2655,74.91,92,96,6.73
76,Kamenka,RU,2022-09-25 00:12:35,51.3223,42.7678,45.68,81,59,7.61
77,Balikpapan,ID,2022-09-25 00:12:36,-1.2675,116.8289,77.99,94,20,5.75
78,Pevek,RU,2022-09-25 00:12:37,69.7008,170.3133,31.14,75,100,8.59
79,Beira,MZ,2022-09-25 00:12:38,-19.8436,34.8389,70.9,90,0,2.46
80,Naron,ES,2022-09-25 00:12:38,43.5167,-8.1528,61.02,73,66,8.84
81,Avarua,CK,2022-09-25 00:12:39,-21.2078,-159.775,78.85,61,20,23.02
82,Kodiak,US,2022-09-25 00:09:40,57.79,-152.4072,51.31,71,40,9.22
83,Joshimath,IN,2022-09-25 00:12:40,30.5667,79.5667,63.97,98,100,1.86
84,Norman Wells,CA,2022-09-25 00:11:49,65.282,-126.8329,45.97,59,93,7.2
85,Rio Gallegos,AR,2022-09-25 00:12:41,-51.6226,-69.2181,37.45,56,0,5.75
86,Saldanha,ZA,2022-09-25 00:12:42,-33.0117,17.9442,53.65,83,100,4.68
87,Ust-Nera,RU,2022-09-25 00:12:42,64.5667,143.2,26.56,88,85,4.74
88,Rio Claro,BR,2022-09-25 00:12:43,-22.4114,-47.5614,63.36,48,3,6.08
89,Ouesso,CG,2022-09-25 00:12:44,1.6136,16.0517,70.7,97,96,2.08
90,Guangyuan,CN,2022-09-25 00:13:45,32.442,105.823,62.37,93,100,0.83
91,Ambulu,ID,2022-09-25 00:13:45,-8.345,113.6058,77.61,83,67,2.24
92,Qaanaaq,GL,2022-09-25 00:13:46,77.484,-69.3632,17.17,82,98,11.03
93,Saint Anthony,US,2022-09-25 00:13:46,45.0205,-93.218,60.15,90,100,14.97
94,Vaini,TO,2022-09-25 00:13:47,-21.2,-175.2,74.46,81,85,11.54
95,Banyo,CM,2022-09-25 00:13:47,6.75,11.8167,63.37,98,100,2.21
96,Geraldton,AU,2022-09-25 00:13:48,-28.7667,114.6,54.01,87,100,5.75
97,Tuatapere,NZ,2022-09-25 00:13:48,-46.1333,167.6833,58.75,63,100,3.38
98,Ilulissat,GL,2022-09-25 00:13:49,69.2167,-51.1,35.62,75,75,10.36
99,New Norfolk,AU,2022-09-25 00:13:50,-42.7826,147.0587,55.92,80,90,1.01
100,Barabash,RU,2022-09-25 00:13:50,43.2,131.4833,59.7,65,68,1.79
101,Mar Del Plata,AR,2022-09-25 00:09:18,-38.0023,-57.5575,60.1,75,0,3.44
102,Richards Bay,ZA,2022-09-25 00:13:51,-28.783,32.0377,71.96,76,0,13.06
103,Ilave,PE,2022-09-25 00:13:52,-16.0833,-69.6667,49.68,34,93,5.55
104,Terrace,CA,2022-09-25 00:13:51,54.5163,-128.6035,57.11,82,100,4.61
105,Noyon,FR,2022-09-25 00:13:53,49.5833,3.0,52.45,92,93,10.27
106,Mayo,US,2022-09-25 00:09:12,38.8876,-76.5119,66.15,72,0,0.0
107,Port Keats,AU,2022-09-25 00:13:54,-14.25,129.55,86.5,62,67,4.59
108,Pierre,US,2022-09-25 00:13:55,44.3683,-100.351,72.52,42,20,14.97
109,Apollonia,GR,2022-09-25 00:13:55,36.9716,24.7231,63.99,46,0,8.93
110,Grand Gaube,MU,2022-09-25 00:13:56,-20.0064,57.6608,70.2,71,12,5.99
111,Skjervoy,NO,2022-09-25 00:13:57,70.0311,20.9714,44.6,80,69,7.99
112,San Rafael,AR,2022-09-25 00:13:58,-34.6177,-68.3301,61.59,38,89,11.45
113,Matay,EG,2022-09-25 00:13:58,28.419,30.7792,79.52,52,0,14.65
114,Saint-Joseph,RE,2022-09-25 00:13:37,-21.3667,55.6167,62.98,78,40,13.33
115,Guarapari,BR,2022-09-25 00:13:59,-20.6667,-40.4975,68.9,76,10,7.25
116,Chokurdakh,RU,2022-09-25 00:14:00,70.6333,147.9167,33.42,75,98,4.85
117,Falam,MM,2022-09-25 00:14:00,22.9167,93.6833,61.48,99,100,0.54
118,Meulaboh,ID,2022-09-25 00:14:01,4.1363,96.1285,75.43,85,100,5.88
119,Sitka,US,2022-09-25 00:06:19,57.0531,-135.33,57.09,67,100,12.66
120,Butaritari,KI,2022-09-25 00:14:02,3.0707,172.7902,82.15,70,12,11.86
121,Lotoshino,RU,2022-09-25 00:14:03,56.2267,35.6414,44.02,96,100,12.8
122,Meadow Lake,US,2022-09-25 00:14:04,34.8014,-106.5436,81.32,22,7,11.45
123,Vondrozo,MG,2022-09-25 00:14:04,-22.8167,47.2833,60.76,98,78,2.19
124,Gouyave,GD,2022-09-25 00:14:05,12.1646,-61.7296,81.66,76,89,11.12
125,Nikolskoye,RU,2022-09-25 00:14:06,59.7035,30.7861,46.78,83,100,9.93
126,Bethel,US,2022-09-25 00:03:59,41.3712,-73.414,61.56,79,0,4.61
127,Arraial Do Cabo,BR,2022-09-25 00:14:07,-22.9661,-42.0278,67.51,69,1,9.42
128,Ibotirama,BR,2022-09-25 00:14:07,-12.1853,-43.2206,74.8,86,98,4.07
129,Asyut,EG,2022-09-25 00:10:08,27.181,31.1837,86.41,26,0,7.14
130,Ribeira Grande,PT,2022-09-25 00:14:08,38.5167,-28.7,72.54,85,100,24.61
131,Nizhniy Baskunchak,RU,2022-09-25 00:14:09,48.2198,46.8311,53.29,80,89,11.45
132,Krasnyy Chikoy,RU,2022-09-25 00:12:12,50.3643,108.7512,36.93,90,93,4.59
133,Dawei,MM,2022-09-25 00:14:10,14.0833,98.2,76.21,93,97,1.54
134,Nouadhibou,MR,2022-09-25 00:14:11,20.931,-17.0347,75.76,96,99,10.71
135,Buenos Aires,AR,2022-09-25 00:12:37,-34.6132,-58.3772,63.95,71,0,16.11
136,Celano,IT,2022-09-25 00:15:12,42.0855,13.5398,57.61,66,100,3.0
137,Sola,VU,2022-09-25 00:15:12,-13.8833,167.55,84.87,79,75,9.22
138,Kavieng,PG,2022-09-25 00:15:13,-2.5744,150.7967,85.24,64,63,14.61
139,Suozhen,CN,2022-09-25 00:15:14,36.9539,118.1047,65.3,43,11,5.61
140,Riviere-Au-Renard,CA,2022-09-25 00:15:14,48.9957,-64.3971,44.89,92,100,31.18
141,Talnakh,RU,2022-09-25 00:15:15,69.4865,88.3972,27.21,86,98,2.24
142,Nola,IT,2022-09-25 00:13:41,40.922,14.5329,68.38,73,97,3.62
143,Cabo San Lucas,MX,2022-09-25 00:11:23,22.8909,-109.9124,89.19,74,0,12.66
144,Lensk,RU,2022-09-25 00:15:16,60.7253,114.9278,31.71,91,100,9.28
145,Barrow,US,2022-09-25 00:15:17,71.2906,-156.7887,33.82,93,100,21.85
146,Hervey Bay,AU,2022-09-25 00:15:18,-25.2986,152.8535,77.02,46,0,8.99
147,Tongchuan,CN,2022-09-25 00:15:19,35.0806,109.0897,59.58,55,8,2.06
148,Saint George,US,2022-09-25 00:15:18,37.1041,-113.5841,92.95,12,0,10.36
149,Touros,BR,2022-09-25 00:15:20,-5.1989,-35.4608,77.16,72,9,13.51
150,Tvoroyri,FO,2022-09-25 00:15:20,61.5556,-6.8111,52.38,94,100,26.22
151,Dubrovnik,HR,2022-09-25 00:15:21,42.6481,18.0922,62.24,55,20,9.22
152,Hobyo,SO,2022-09-25 00:15:21,5.3505,48.5268,75.79,88,11,19.75
153,Serra,BR,2022-09-25 00:15:22,-20.1286,-40.3078,71.06,73,75,10.36
154,Aluksne,LV,2022-09-25 00:15:22,57.4167,27.05,39.52,97,68,6.26
155,Bambous Virieux,MU,2022-09-25 00:06:22,-20.3428,57.7575,69.22,75,34,16.98
156,Orange,US,2022-09-25 00:15:23,33.7,-117.7675,97.88,41,40,9.22
157,Poum,NC,2022-09-25 00:15:24,-20.2333,164.0167,76.08,76,0,3.98
158,Wum,CM,2022-09-25 00:15:24,6.3833,10.0667,63.77,98,99,1.86
159,Hualmay,PE,2022-09-25 00:15:25,-11.0964,-77.6139,61.93,80,32,10.29
160,Sao Filipe,CV,2022-09-25 00:15:26,14.8961,-24.4956,77.88,83,62,4.14
161,Karratha,AU,2022-09-25 00:15:27,-20.7377,116.8463,79.11,23,14,11.81
162,Carnarvon,AU,2022-09-25 00:15:27,-24.8667,113.6333,62.35,57,0,24.34
163,Khatanga,RU,2022-09-25 00:15:28,71.9667,102.5,19.99,87,95,7.81
164,Yar-Sale,RU,2022-09-25 00:15:29,66.8333,70.8333,30.38,84,64,10.94
165,Lorengau,PG,2022-09-25 00:15:29,-2.0226,147.2712,85.69,64,65,11.39
166,Namatanai,PG,2022-09-25 00:15:30,-3.6667,152.4333,84.9,64,75,8.99
167,Touho,NC,2022-09-25 00:15:31,-20.7833,165.2333,77.81,73,42,11.48
168,Magdagachi,RU,2022-09-25 00:15:31,53.45,125.8,46.74,95,100,4.83
169,Waldorf,US,2022-09-25 00:14:57,38.6246,-76.9391,63.68,73,22,5.01
170,Inverness,GB,2022-09-25 00:15:32,57.4791,-4.224,51.84,81,75,9.22
171,Upernavik,GL,2022-09-25 00:15:33,72.7868,-56.1549,32.52,76,93,12.77
172,Sheopur,IN,2022-09-25 00:15:34,25.6667,76.7,72.68,89,99,7.27
173,Ventspils,LV,2022-09-25 00:15:34,57.3894,21.5606,40.93,100,34,0.0
174,Lebu,CL,2022-09-25 00:15:35,-37.6167,-73.65,48.72,85,0,13.06
175,Aklavik,CA,2022-09-25 00:15:35,68.2191,-135.0107,37.42,97,100,7.45
176,Naze,JP,2022-09-25 00:15:36,28.3667,129.4833,81.52,77,8,6.02
177,Takoradi,GH,2022-09-25 00:15:36,4.8845,-1.7554,74.86,93,66,7.76
178,Chuy,UY,2022-09-25 00:13:50,-33.6971,-53.4616,51.1,75,21,6.13
179,Gravdal,NO,2022-09-25 00:15:37,68.1214,13.5031,49.39,74,86,10.98
180,Puerto Del Rosario,ES,2022-09-25 00:15:38,28.5004,-13.8627,73.15,88,100,8.05
181,Kapaa,US,2022-09-25 00:15:39,22.0752,-159.319,84.52,73,0,9.22
182,Carutapera,BR,2022-09-25 00:12:08,-1.195,-46.02,77.58,84,26,6.31
183,Nemuro,JP,2022-09-25 00:16:40,43.3236,145.575,62.67,83,10,12.71
184,Fortuna,US,2022-09-25 00:16:41,40.5982,-124.1573,71.92,77,1,1.99
185,Saint-Philippe,RE,2022-09-25 00:15:46,-21.3585,55.7679,63.99,81,55,13.06
186,Hovd,MN,2022-09-25 00:16:42,48.0056,91.6419,48.11,53,59,1.52
187,Norman,US,2022-09-25 00:14:44,35.2226,-97.4395,83.57,25,69,10.94
188,Pedernales,DO,2022-09-25 00:16:43,18.0384,-71.744,83.28,73,100,6.49
189,Nogliki,RU,2022-09-25 00:12:19,51.8333,143.1667,51.85,91,100,19.77
190,Aras,ES,2022-09-25 00:16:44,42.5617,-2.356,46.81,81,0,3.44
191,Baykit,RU,2022-09-25 00:16:45,61.67,96.37,31.48,98,98,1.7
192,Stornoway,GB,2022-09-25 00:16:45,58.2093,-6.3865,52.93,91,75,6.91
193,Kampot,KH,2022-09-25 00:16:46,10.6167,104.1833,84.25,84,100,4.29
194,Sterling,US,2022-09-25 00:16:46,39.0062,-77.4286,62.44,75,40,3.44
195,Ponta Delgada,PT,2022-09-25 00:16:47,37.7333,-25.6667,72.5,78,40,12.66
196,Guerrero Negro,MX,2022-09-25 00:12:33,27.9769,-114.0611,78.06,64,0,13.8
197,Paamiut,GL,2022-09-25 00:16:48,61.994,-49.6678,40.48,79,88,13.53
198,Barra Do Corda,BR,2022-09-25 00:16:48,-5.5,-45.25,80.96,60,62,1.48
199,Doha,QA,2022-09-25 00:13:21,25.2867,51.5333,89.58,58,0,8.05
200,East London,ZA,2022-09-25 00:16:49,-33.0153,27.9116,68.07,88,100,15.01
201,Belyy Yar,RU,2022-09-25 00:16:50,53.6039,91.3903,42.69,70,0,4.47
202,Oleksandrivka,UA,2022-09-25 00:16:50,48.9634,32.2349,45.12,81,60,10.69
203,Esperance,AU,2022-09-25 00:16:51,-33.8667,121.9,56.1,68,100,8.88
204,Goderich,CA,2022-09-25 00:16:51,43.7501,-81.7165,56.91,82,100,4.61
205,Kuah,MY,2022-09-25 00:16:52,6.3265,99.8432,76.98,94,40,3.44
206,Ketchikan,US,2022-09-25 00:12:47,55.3422,-131.6461,55.87,94,100,17.27
207,Axintele,RO,2022-09-25 00:16:53,44.6,26.7833,52.34,49,72,4.21
208,Port Elizabeth,ZA,2022-09-25 00:16:53,-33.918,25.5701,64.31,99,100,3.44
209,Nanortalik,GL,2022-09-25 00:16:54,60.1432,-45.2371,43.29,93,100,10.2
210,Anloga,GH,2022-09-25 00:16:54,5.7947,0.8973,77.5,87,70,11.92
211,Laguna,US,2022-09-25 00:16:56,38.421,-121.4238,96.89,21,0,10.36
212,Cartagena,CO,2022-09-25 00:16:56,10.3997,-75.5144,82.02,78,75,5.75
213,Buchanan,LR,2022-09-25 00:16:57,5.8808,-10.0467,74.8,93,100,7.38
214,Maxixe,MZ,2022-09-25 00:16:57,-23.8597,35.3472,69.69,90,0,5.97
215,Novikovo,RU,2022-09-25 00:16:58,51.1537,37.8879,48.25,82,99,16.82
216,Kieta,PG,2022-09-25 00:16:59,-6.2167,155.6333,85.1,63,83,4.88
217,Fort Nelson,CA,2022-09-25 00:16:58,58.8053,-122.7002,65.79,20,40,5.75
218,Thompson,CA,2022-09-25 00:17:00,55.7435,-97.8558,57.36,54,75,2.3
219,Hithadhoo,MV,2022-09-25 00:17:00,-0.6,73.0833,80.92,70,65,5.93
220,Kruisfontein,ZA,2022-09-25 00:15:50,-34.0033,24.7314,55.89,76,100,3.0
221,Ilhabela,BR,2022-09-25 00:17:01,-23.7781,-45.3581,63.21,75,32,3.53
222,Haines Junction,CA,2022-09-25 00:17:02,60.7522,-137.5108,55.35,35,53,10.36
223,Borger,NL,2022-09-25 00:17:02,52.9233,6.7931,53.8,93,98,6.89
224,Axim,GH,2022-09-25 00:16:23,4.8699,-2.2405,75.34,92,77,7.11
225,Severo-Kurilsk,RU,2022-09-25 00:17:03,50.6789,156.125,52.54,97,100,16.44
226,Palauig,PH,2022-09-25 00:17:04,15.435,119.9045,82.56,72,100,2.51
227,Dehui,CN,2022-09-25 00:17:04,44.5333,125.7,58.44,65,99,15.48
228,Cherskiy,RU,2022-09-25 00:17:05,68.75,161.3,32.41,66,97,7.9
229,Coruripe,BR,2022-09-25 00:17:06,-10.1256,-36.1756,74.46,83,4,10.2
230,Xiaoshi,CN,2022-09-25 00:17:07,41.2971,124.1209,59.65,74,100,5.93
231,Shahr-E Babak,IR,2022-09-25 00:18:08,30.1165,55.1186,68.13,18,0,7.54
232,Morgan City,US,2022-09-25 00:18:08,29.6994,-91.2068,87.01,71,38,1.66
233,Sur,OM,2022-09-25 00:18:09,22.5667,59.5289,84.81,57,68,8.39
234,Turukhansk,RU,2022-09-25 00:18:09,65.8167,87.9833,26.82,96,98,8.88
235,Kendari,ID,2022-09-25 00:18:10,-3.945,122.4989,80.42,76,66,3.09
236,Andenes,NO,2022-09-25 00:18:11,69.3143,16.1194,48.18,93,100,8.05
237,Gat,IL,2022-09-25 00:14:47,31.61,34.7642,79.39,59,0,7.81
238,Hegra,NO,2022-09-25 00:18:12,63.4644,11.114,48.11,93,100,2.3
239,Pandhana,IN,2022-09-25 00:18:13,21.7,76.2167,71.44,89,77,3.42
240,Kaspiysk,RU,2022-09-25 00:18:14,42.8816,47.6392,55.58,82,40,4.47
241,Atherton,GB,2022-09-25 00:18:15,53.5237,-2.4935,49.55,72,57,2.86
242,Zunyi,CN,2022-09-25 00:18:16,27.6867,106.9072,60.84,82,100,1.59
243,Agbor,NG,2022-09-25 00:18:16,6.2518,6.1934,72.27,99,89,3.02
244,Kaitangata,NZ,2022-09-25 00:18:18,-46.2817,169.8464,50.02,84,100,15.05
245,Antofagasta,CL,2022-09-25 00:18:19,-23.65,-70.4,58.28,86,11,7.05
246,Perth,AU,2022-09-25 00:13:47,-31.9333,115.8333,57.04,80,0,0.0
247,Mildura,AU,2022-09-25 00:17:34,-34.2,142.15,63.07,61,37,9.57
248,Banjar,ID,2022-09-25 00:18:22,-8.19,114.9675,79.48,80,55,6.04
249,Shaunavon,CA,2022-09-25 00:18:23,49.6501,-108.4181,65.98,30,6,14.65
250,Wahiawa,US,2022-09-25 00:14:31,21.5028,-158.0236,85.75,59,100,3.44
251,Ponta Do Sol,PT,2022-09-25 00:18:24,32.6667,-17.1,74.03,78,100,3.44
252,Leningradskiy,RU,2022-09-25 00:18:24,69.3833,178.4167,32.11,88,100,9.24
253,Vangaindrano,MG,2022-09-25 00:18:25,-23.35,47.6,65.08,94,18,2.95
254,Torbay,CA,2022-09-25 00:18:25,47.6666,-52.7314,62.58,85,20,19.57
255,Altay,CN,2022-09-25 00:18:26,47.8667,88.1167,53.42,48,22,1.95
256,Rovaniemi,FI,2022-09-25 00:18:27,66.5,25.7167,40.41,93,0,6.91
257,Dunmore Town,BS,2022-09-25 00:18:27,25.5,-76.65,83.43,74,8,10.45
258,Klaksvik,FO,2022-09-25 00:15:54,62.2266,-6.589,52.72,85,100,18.77
259,Semypolky,UA,2022-09-25 00:18:28,50.7167,30.9333,46.94,85,93,13.47
260,Oda,JP,2022-09-25 00:18:29,35.1833,132.5,63.37,63,96,7.11
261,Virginia Beach,US,2022-09-25 00:18:29,36.8529,-75.978,71.62,64,0,5.75
262,Ostersund,SE,2022-09-25 00:18:30,63.1792,14.6357,45.61,100,100,10.0
263,Bilibino,RU,2022-09-25 00:18:31,68.0546,166.4372,30.96,71,94,1.74
264,Camopi,GF,2022-09-25 00:18:32,3.1655,-52.3158,79.7,62,32,5.44
265,Taoudenni,ML,2022-09-25 00:18:32,22.6783,-3.9836,94.68,22,66,8.46
266,Epe,NG,2022-09-25 00:18:33,6.5841,3.9834,76.42,91,100,4.18
267,Rodrigues Alves,BR,2022-09-25 00:18:34,-7.738,-72.6509,77.2,75,78,2.04
268,Srednekolymsk,RU,2022-09-25 00:18:35,67.45,153.6833,38.53,56,28,8.52
269,Belaya Glina,RU,2022-09-25 00:18:35,46.07,40.86,51.46,78,44,13.56
270,Ust-Omchug,RU,2022-09-25 00:18:36,61.15,149.6333,32.59,65,99,3.94
271,Padang,ID,2022-09-25 00:18:37,-0.9492,100.3543,77.05,82,100,4.18
272,Hambantota,LK,2022-09-25 00:18:38,6.1241,81.1185,76.95,82,84,12.71
273,Tarauaca,BR,2022-09-25 00:19:39,-8.1614,-70.7656,76.32,78,58,3.04
274,Dunedin,NZ,2022-09-25 00:19:40,-45.8742,170.5036,46.8,92,100,4.0
275,Svetlogorsk,BY,2022-09-25 00:19:41,52.6333,29.7333,44.51,80,95,12.1
276,Samarai,PG,2022-09-25 00:19:41,-10.6167,150.6667,81.95,78,74,10.47
277,Raton,US,2022-09-25 00:19:16,36.9034,-104.4391,77.61,28,0,9.22
278,Valparaiso,CL,2022-09-25 00:16:47,-33.0393,-71.6273,56.48,100,75,5.75
279,Longyearbyen,SJ,2022-09-25 00:19:43,78.2186,15.6401,39.04,81,75,10.36
280,Isangel,VU,2022-09-25 00:19:44,-19.55,169.2667,84.31,84,40,4.61
281,Olafsvik,IS,2022-09-25 00:19:45,64.8945,-23.7142,50.94,85,100,45.32
282,Pontianak,ID,2022-09-25 00:15:12,-0.0333,109.3333,76.98,94,20,4.61
283,Osa,RU,2022-09-25 00:19:46,57.2829,55.4567,55.33,80,95,6.67
284,Demba,CD,2022-09-25 00:19:46,-5.51,22.2667,65.1,96,100,4.52
285,Radhanpur,IN,2022-09-25 00:19:47,23.8333,71.6,78.93,73,66,10.54
286,Anadyr,RU,2022-09-25 00:19:48,64.75,177.4833,37.9,51,75,13.42
287,Russell,US,2022-09-25 00:19:48,32.3502,-85.1999,78.4,78,0,0.0
288,Sokolo,ML,2022-09-25 00:19:49,14.7328,-6.1219,84.34,55,22,5.01
289,Broome,US,2022-09-25 00:15:47,42.2506,-75.833,55.78,78,0,4.61
290,Kodinsk,RU,2022-09-25 00:19:49,58.6881,99.1844,29.23,95,93,2.66
291,Ongandjera,NA,2022-09-25 00:19:50,-17.8833,15.0667,69.89,27,54,8.19
292,Makakilo City,US,2022-09-25 00:19:51,21.3469,-158.0858,87.55,59,0,18.41
293,Mattru,SL,2022-09-25 00:19:52,7.6244,-11.8332,72.46,99,100,3.74
294,Gazli,UZ,2022-09-25 00:19:52,40.1333,63.45,74.28,18,0,5.19
295,Roald,NO,2022-09-25 00:19:53,62.5833,6.1333,48.76,87,100,5.75
296,Kundiawa,PG,2022-09-25 00:19:54,-6.0167,144.9667,75.47,59,96,1.41
297,Kushima,JP,2022-09-25 00:19:55,31.4583,131.2333,78.1,63,34,5.55
298,Narsaq,GL,2022-09-25 00:19:56,60.9167,-46.05,46.62,91,100,8.23
299,Dikson,RU,2022-09-25 00:19:56,73.5069,80.5464,33.1,73,100,20.02
300,Surt,LY,2022-09-25 00:19:57,31.2089,16.5887,73.56,59,0,2.75
301,Vila Velha,BR,2022-09-25 00:19:58,-20.3297,-40.2925,71.55,81,75,10.36
302,Vestmannaeyjar,IS,2022-09-25 00:19:58,63.4427,-20.2734,54.12,91,100,35.54
303,Simdega,IN,2022-09-25 00:19:59,22.6167,84.5167,71.83,94,79,1.12
304,Inuvik,CA,2022-09-25 00:20:00,68.3499,-133.7218,39.96,87,75,10.36
305,Aripuana,BR,2022-09-25 00:17:59,-9.1667,-60.6333,79.05,63,69,2.66
306,Baherden,TM,2022-09-25 00:20:01,38.4362,57.4316,81.23,14,0,7.94
307,Lahij,YE,2022-09-25 00:20:02,13.1667,44.5833,85.1,47,83,4.59
308,Gumdag,TM,2022-09-25 00:20:02,39.2061,54.5906,72.21,72,0,8.39
309,Vytegra,RU,2022-09-25 00:20:03,61.0064,36.4481,43.75,94,100,9.42
310,Chara,RU,2022-09-25 00:20:04,56.9064,118.2631,34.07,65,28,3.0
311,Erdenet,MN,2022-09-25 00:20:05,49.0333,104.0833,33.01,86,61,4.79
312,Nicoya,CR,2022-09-25 00:20:06,10.1483,-85.452,76.5,91,98,1.95
313,Antalaha,MG,2022-09-25 00:17:13,-14.9003,50.2788,66.25,89,43,7.31
314,Grindavik,IS,2022-09-25 00:20:07,63.8424,-22.4338,52.27,87,100,41.43
315,Avera,US,2022-09-25 00:20:08,33.194,-82.5271,69.85,41,0,2.19
316,Krasnoselkup,RU,2022-09-25 00:20:08,65.7,82.4667,25.39,90,27,9.82
317,Port Lincoln,AU,2022-09-25 00:15:19,-34.7333,135.8667,53.91,86,100,6.08
318,Poya,NC,2022-09-25 00:20:10,-21.35,165.15,83.16,55,0,4.74
319,Yerbogachen,RU,2022-09-25 00:20:10,61.2767,108.0108,24.66,97,88,3.4
320,Yangliuqing,CN,2022-09-25 00:21:11,39.1375,116.9997,64.35,36,24,8.43
321,Ternate,ID,2022-09-25 00:21:11,0.8,127.4,83.44,72,97,9.1
322,Pisco,PE,2022-09-25 00:21:12,-13.7,-76.2167,60.85,77,0,14.97
323,Bereda,ES,2022-09-25 00:21:12,43.2686,-7.5406,53.42,100,69,2.68
324,Selje,NO,2022-09-25 00:21:13,62.0459,5.351,48.61,81,32,2.08
325,Shenjiamen,CN,2022-09-25 00:21:14,29.9576,122.298,71.51,64,87,9.28
326,Muros,ES,2022-09-25 00:21:15,42.7762,-9.0603,58.08,85,13,12.03
327,Maniitsoq,GL,2022-09-25 00:21:15,65.4167,-52.9,36.43,63,4,4.25
328,Ambilobe,MG,2022-09-25 00:21:16,-13.2,49.05,68.5,73,1,5.84
329,Codrington,AU,2022-09-25 00:21:16,-38.2667,141.9667,54.66,64,70,11.97
330,Gashua,NG,2022-09-25 00:21:17,12.871,11.0482,84.92,45,92,5.99
331,Tsiroanomandidy,MG,2022-09-25 00:21:18,-18.7667,46.0333,65.75,68,30,3.6
332,Dingle,PH,2022-09-25 00:21:18,10.9995,122.6711,79.38,82,100,1.88
333,Panalingaan,PH,2022-09-25 00:21:19,8.7842,117.4231,80.22,83,99,6.4
334,Cukai,MY,2022-09-25 00:21:20,4.25,103.4167,80.55,88,47,7.09
335,Shache,CN,2022-09-25 00:19:51,38.4167,77.2406,72.64,29,100,6.89
336,Hay River,CA,2022-09-25 00:21:21,60.8156,-115.7999,48.18,53,40,0.0
337,Lahaina,US,2022-09-25 00:17:25,20.8783,-156.6825,93.2,74,8,7.38
338,Spirit River,CA,2022-09-25 00:21:22,55.7833,-118.8361,64.83,38,8,15.26
339,Salalah,OM,2022-09-25 00:21:23,17.0151,54.0924,78.26,87,43,4.16
340,Guadalupe Y Calvo,MX,2022-09-25 00:21:23,26.1,-106.9667,63.9,75,72,3.83
341,Kaeo,NZ,2022-09-25 00:21:24,-35.1,173.7833,64.09,60,5,4.61
342,Boyolangu,ID,2022-09-25 00:21:25,-8.1181,111.8935,77.7,83,89,5.82
343,Belmonte,BR,2022-09-25 00:21:26,-15.8631,-38.8828,72.54,94,100,15.55
344,Cumana,VE,2022-09-25 00:21:26,10.4635,-64.1775,81.21,81,90,8.72
345,Kununurra,AU,2022-09-25 00:16:30,-15.7667,128.7333,85.98,70,25,5.75
346,Dasoguz,TM,2022-09-25 00:21:28,41.8363,59.9666,62.55,59,0,4.61
347,Shingu,JP,2022-09-25 00:21:28,33.7333,135.9833,74.05,52,52,2.75
348,Portland,US,2022-09-25 00:19:14,45.5234,-122.6762,83.55,43,20,11.5
349,Dogondoutchi,NE,2022-09-25 00:21:29,13.6393,4.0287,86.27,57,100,10.74
350,Komsomolskiy,UZ,2022-09-25 00:21:30,40.4272,71.7189,63.32,36,1,6.91
351,Tabou,CI,2022-09-25 00:21:31,4.423,-7.3528,75.7,90,87,6.24
352,Wana,PK,2022-09-25 00:21:32,32.2989,69.5725,68.2,73,0,1.45
353,Havoysund,NO,2022-09-25 00:21:32,70.9963,24.6622,48.43,86,100,7.36
354,Kalabo,ZM,2022-09-25 00:21:33,-14.97,22.6814,70.99,26,55,8.59
355,Capao Da Canoa,BR,2022-09-25 00:21:34,-29.7456,-50.0097,57.4,81,0,4.0
356,Newport,GB,2022-09-25 00:21:34,51.5877,-2.9984,54.63,78,44,9.95
357,Prince George,CA,2022-09-25 00:21:35,53.9166,-122.753,64.26,54,0,9.22
358,Kintampo,GH,2022-09-25 00:21:35,8.0563,-1.7306,72.19,94,61,2.95
359,Pont-Sainte-Maxence,FR,2022-09-25 00:21:36,49.3017,2.6047,57.02,93,99,8.81
360,Murgab,TM,2022-09-25 00:21:37,37.4966,61.9714,64.27,59,0,0.0
361,Los Llanos De Aridane,ES,2022-09-25 00:21:38,28.6585,-17.9182,69.55,96,100,6.91
362,Auki,SB,2022-09-25 00:21:39,-8.7676,160.7034,84.13,68,32,0.4
363,Ginda,IN,2022-09-25 00:21:39,30.6945,78.4932,61.29,91,100,3.6
364,Falesti,MD,2022-09-25 00:21:40,47.5736,27.7092,47.46,65,83,3.58
365,Dingzhou,CN,2022-09-25 00:21:40,38.5131,114.9956,59.11,34,0,2.59
366,Egvekinot,RU,2022-09-25 00:21:41,66.3167,-179.1667,28.31,60,52,14.43
367,Bjornevatn,NO,2022-09-25 00:22:42,69.6672,29.9847,46.02,93,0,9.22
368,Nome,US,2022-09-25 00:19:48,64.5011,-165.4064,45.16,87,100,4.61
369,Tambopata,PE,2022-09-25 00:22:43,-12.7333,-69.1833,75.09,78,93,0.0
370,Bemidji,US,2022-09-25 00:22:43,47.4736,-94.8803,55.06,99,100,0.0
371,Kinablangan,PH,2022-09-25 00:22:44,7.6947,126.5503,84.47,66,79,2.98
372,Abashiri,JP,2022-09-25 00:22:45,44.0213,144.2697,64.69,72,20,5.75
373,Tura,IN,2022-09-25 00:22:46,25.5198,90.2201,71.74,93,100,2.77
374,Xiamen,CN,2022-09-25 00:22:47,24.4798,118.0819,78.85,53,0,6.71
375,Krasnozerskoye,RU,2022-09-25 00:22:07,53.9828,79.2374,56.34,66,95,10.22
376,Zhoucheng,CN,2022-09-25 00:22:48,35.9122,116.3117,60.06,59,0,8.3
377,Port Shepstone,ZA,2022-09-25 00:22:49,-30.7414,30.455,66.7,88,55,4.45
378,Pangai,TO,2022-09-25 00:22:49,-19.8,-174.35,82.51,65,40,12.66
379,Floro,NO,2022-09-25 00:22:50,61.5996,5.0328,48.24,87,55,4.61
380,Narva-Joesuu,EE,2022-09-25 00:22:51,59.4589,28.0408,50.47,69,86,15.97
381,Nuuk,GL,2022-09-25 00:20:55,64.1835,-51.7216,36.21,75,20,13.8
382,The Valley,AI,2022-09-25 00:22:52,18.217,-63.0578,82.81,74,100,13.42
383,Bubaque,GW,2022-09-25 00:22:52,11.2833,-15.8333,78.3,85,100,9.98
384,Le Mars,US,2022-09-25 00:22:53,42.7942,-96.1656,72.91,37,100,9.22
385,Ancud,CL,2022-09-25 00:22:54,-41.8697,-73.8203,45.23,87,28,4.74
386,Peniche,PT,2022-09-25 00:22:54,39.3558,-9.3811,64.29,84,25,26.22
387,Ogawara,JP,2022-09-25 00:22:55,38.0516,140.7155,75.74,61,49,0.6
388,Praia Da Vitoria,PT,2022-09-25 00:22:56,38.7333,-27.0667,72.75,83,75,18.66
389,Camacha,PT,2022-09-25 00:22:56,33.0833,-16.3333,69.22,78,40,9.22
390,Ayame,CI,2022-09-25 00:22:57,5.6083,-3.1563,72.77,97,96,2.82
391,Tasiilaq,GL,2022-09-25 00:22:57,65.6145,-37.6368,42.96,33,12,41.09
392,Alyangula,AU,2022-09-25 00:22:58,-13.8483,136.4192,83.98,49,78,5.28
393,Buala,SB,2022-09-25 00:22:59,-8.145,159.5921,85.01,66,72,4.92
394,Oranjemund,NA,2022-09-25 00:22:59,-28.55,16.4333,54.21,92,100,8.61
395,Sinnamary,GF,2022-09-25 00:19:46,5.3833,-52.95,78.93,81,42,9.62
396,Maragogi,BR,2022-09-25 00:22:47,-9.0122,-35.2225,78.03,64,36,10.56
397,Doctor Arroyo,MX,2022-09-25 00:23:01,23.6667,-100.1833,76.12,41,56,5.37
398,Starokozache,UA,2022-09-25 00:23:02,46.3372,29.9853,49.21,55,33,4.88
399,Sawtell,AU,2022-09-25 00:19:49,-30.3833,153.1,70.18,64,0,6.91
400,Husavik,IS,2022-09-25 00:23:03,66.0449,-17.3389,57.47,70,100,24.92
401,Roura,GF,2022-09-25 00:23:04,4.7263,-52.3274,80.51,83,0,4.61
402,Boa Vista,BR,2022-09-25 00:21:30,2.8197,-60.6733,85.98,54,0,3.44
403,Nelson Bay,AU,2022-09-25 00:23:05,-32.7167,152.15,67.1,67,4,5.01
404,Bonavista,CA,2022-09-25 00:23:05,48.6499,-53.1147,60.84,76,4,29.01
405,Pekan,MY,2022-09-25 00:23:06,3.4836,103.3996,77.11,88,91,7.14
406,Rincon,US,2022-09-25 00:21:22,32.296,-81.2354,75.85,70,0,8.05
407,Anito,PH,2022-09-25 00:23:07,12.4497,125.2886,77.05,93,100,8.19
408,Warmbad,NA,2022-09-25 00:23:07,-28.45,18.7333,65.23,26,89,7.81
409,Tigre,AR,2022-09-25 00:21:38,-34.426,-58.5796,62.74,73,0,10.36
410,Halmstad,SE,2022-09-25 00:23:08,56.6745,12.8568,53.8,82,48,1.14
411,Yulara,AU,2022-09-25 00:23:09,-25.2406,130.9889,82.99,18,97,14.09
412,Ashington,GB,2022-09-25 00:23:09,50.9331,-0.3909,54.63,86,39,12.62
413,Parabel,RU,2022-09-25 00:23:10,58.6978,81.4825,31.05,94,73,4.54
414,Suez,EG,2022-09-25 00:24:11,29.9737,32.5263,74.32,68,0,10.27
415,Yurga,RU,2022-09-25 00:24:11,55.7231,84.8861,43.36,82,100,9.66
416,Tinskoy,RU,2022-09-25 00:24:12,56.1525,96.9161,34.97,99,100,2.04
417,Kalmunai,LK,2022-09-25 00:24:12,7.4167,81.8167,79.07,78,96,3.87
418,Asau,RO,2022-09-25 00:24:13,46.4333,26.4,38.32,78,99,4.12
419,Sibolga,ID,2022-09-25 00:24:14,1.7427,98.7792,76.05,85,99,3.29
420,Rocha,UY,2022-09-25 00:20:27,-34.4833,-54.3333,48.18,82,20,5.59
421,Deputatskiy,RU,2022-09-25 00:24:15,69.3,139.9,22.32,92,99,3.53
422,Abha,SA,2022-09-25 00:23:41,18.2164,42.5053,61.05,25,0,0.0
423,Biltine,TD,2022-09-25 00:24:16,14.5333,20.9167,84.88,35,84,2.89
424,Hargeysa,SO,2022-09-25 00:24:16,9.56,44.065,71.46,61,67,9.4
425,Neiafu,TO,2022-09-25 00:24:17,-18.65,-173.9833,81.28,74,75,9.22
426,Sechura,PE,2022-09-25 00:22:26,-5.5569,-80.8222,64.74,75,96,18.68
427,Tripoli,LY,2022-09-25 00:24:18,32.8752,13.1875,74.73,63,0,10.89
428,Necochea,AR,2022-09-25 00:24:19,-38.5473,-58.7368,50.43,80,82,9.71
429,Miura,JP,2022-09-25 00:24:20,35.14,139.6192,78.04,68,93,18.23
430,Fremont,US,2022-09-25 00:24:10,37.5483,-121.9886,94.03,41,0,13.8
431,Bambanglipuro,ID,2022-09-25 00:24:20,-7.95,110.2833,78.28,83,97,7.4
432,Kurchum,KZ,2022-09-25 00:24:21,48.5722,83.6542,58.98,50,10,4.38
433,Fairbanks,US,2022-09-25 00:19:52,64.8378,-147.7164,53.56,65,0,8.05
434,Key West,US,2022-09-25 00:23:32,24.5557,-81.7826,89.6,69,40,9.22
435,Henties Bay,NA,2022-09-25 00:24:23,-22.116,14.2845,53.65,90,72,3.47
436,Daru,PG,2022-09-25 00:24:23,-9.0763,143.2092,79.2,88,99,11.14
437,San Policarpo,PH,2022-09-25 00:24:24,12.1791,125.5072,80.01,84,100,8.61
438,Boundiali,CI,2022-09-25 00:24:25,9.5217,-6.4869,69.89,96,91,2.8
439,Waipawa,NZ,2022-09-25 00:24:25,-41.4122,175.5153,49.19,84,100,8.55
440,Laredo,US,2022-09-25 00:24:26,27.5064,-99.5075,93.49,38,0,6.91
441,Tiznit,MA,2022-09-25 00:24:27,29.5833,-9.5,71.28,57,100,3.76
442,Nishihara,JP,2022-09-25 00:24:28,26.1842,127.7558,80.65,91,75,12.66
443,Mandalgovi,MN,2022-09-25 00:24:29,45.7625,106.2708,48.61,42,72,9.1
444,Cabinda,AO,2022-09-25 00:24:30,-5.55,12.2,73.67,84,98,6.49
445,Gulariya,NP,2022-09-25 00:24:31,28.2333,81.3333,79.18,96,100,4.61
446,Saint-Paul,RE,2022-09-25 00:24:31,-21.0096,55.2707,68.09,75,10,2.71
447,Stanger,ZA,2022-09-25 00:24:32,-29.3282,31.2895,66.09,94,8,3.87
448,Abu Samrah,SY,2022-09-25 00:24:33,35.3029,37.1841,66.29,66,1,3.49
449,Alihe,CN,2022-09-25 00:24:33,50.5667,123.7167,52.21,69,100,3.87
450,Uruguaiana,BR,2022-09-25 00:24:34,-29.7547,-57.0883,60.73,59,0,9.22
451,Ramanuj Ganj,IN,2022-09-25 00:24:35,23.8,83.7,71.31,94,95,2.01
452,Erzin,TR,2022-09-25 00:24:36,36.9559,36.2,66.11,66,0,3.06
453,Praia,CV,2022-09-25 00:24:36,14.9215,-23.5087,77.54,88,75,3.44
454,Sembe,CG,2022-09-25 00:24:37,1.6481,14.5806,70.18,96,100,1.95
455,Tomatlan,MX,2022-09-25 00:24:37,19.9333,-105.25,81.91,82,58,5.03
456,Bonthe,SL,2022-09-25 00:21:08,7.5264,-12.505,74.23,93,100,10.65
457,Port-Gentil,GA,2022-09-25 00:24:38,-0.7193,8.7815,76.77,87,100,12.39
458,Pleasanton,US,2022-09-25 00:24:39,37.6624,-121.8747,94.8,31,0,5.01
459,Sayat,TM,2022-09-25 00:25:40,38.7839,63.8803,62.47,20,0,6.91
460,Klyuchi,RU,2022-09-25 00:25:41,52.2667,79.1667,54.86,42,84,8.5
461,Semporna,MY,2022-09-25 00:25:07,4.4818,118.6112,83.08,77,98,10.83
462,Usinsk,RU,2022-09-25 00:25:42,65.9939,57.5281,29.41,82,7,12.03
463,Ipixuna,BR,2022-09-25 00:25:43,-1.7625,-48.8043,79.29,83,2,6.26
464,Euclides Da Cunha,BR,2022-09-25 00:25:43,-10.5075,-39.0158,70.14,78,30,11.97
465,Vagur,FO,2022-09-25 00:25:44,61.4732,-6.8119,51.66,94,100,26.24
466,Kumeny,RU,2022-09-25 00:25:45,58.1089,49.9161,46.8,90,92,5.44
467,Kungurtug,RU,2022-09-25 00:25:45,50.5994,97.5228,34.45,75,31,1.3
468,Santiago Del Estero,AR,2022-09-25 00:21:32,-27.7951,-64.2615,70.52,23,0,10.36
469,Ginir,ET,2022-09-25 00:25:46,7.1333,40.7,62.11,60,96,2.73
470,Khandbari,NP,2022-09-25 00:25:47,27.3747,87.2039,68.83,91,100,1.32
471,Plettenberg Bay,ZA,2022-09-25 00:25:48,-34.0527,23.3716,58.46,70,100,1.63
472,Herran,CO,2022-09-25 00:25:49,7.5061,-72.4833,64.6,98,95,4.27
473,Vardo,NO,2022-09-25 00:25:49,70.3705,31.1107,46.38,87,100,6.91
474,Qeshm,IR,2022-09-25 00:25:50,26.9581,56.2719,84.09,78,0,6.13
475,Hermon,US,2022-09-25 00:25:50,44.8101,-68.9134,57.47,70,0,3.44
476,Toamasina,MG,2022-09-25 00:25:51,-18.1667,49.3833,69.8,88,75,5.75
477,Lompoc,US,2022-09-25 00:25:52,34.6391,-120.4579,85.01,76,20,8.05
478,Izhmorskiy,RU,2022-09-25 00:25:52,56.194,86.6414,37.78,97,100,6.06
479,Am Timan,TD,2022-09-25 00:25:54,11.0297,20.2827,73.0,90,39,4.9
480,Yuzhnouralsk,RU,2022-09-25 00:25:55,54.4418,61.2536,58.01,55,67,4.5
481,Inhambane,MZ,2022-09-25 00:25:56,-23.865,35.3833,70.95,85,0,7.11
482,Oussouye,SN,2022-09-25 00:25:56,12.485,-16.5469,78.98,91,100,4.9
483,Sakti,IN,2022-09-25 00:25:57,22.0333,82.9667,72.7,92,98,1.23
484,Banda Aceh,ID,2022-09-25 00:25:57,5.5577,95.3222,79.11,78,67,11.77
485,Acapulco,MX,2022-09-25 00:25:58,16.8634,-99.8901,85.82,74,75,9.22
486,Sayyan,YE,2022-09-25 00:25:58,15.1718,44.3244,61.59,35,72,5.28
487,Manokwari,ID,2022-09-25 00:25:59,-0.8667,134.0833,77.79,86,100,11.5
488,Santa Barbara,US,2022-09-25 00:21:27,34.7333,-120.0343,90.34,45,0,10.36
489,Saiki,JP,2022-09-25 00:21:19,32.95,131.9,72.54,68,62,6.4
490,Khash,IR,2022-09-25 00:26:00,28.2211,61.2158,65.3,12,2,1.48
491,Chicama,PE,2022-09-25 00:26:01,-7.8447,-79.1469,57.74,77,72,7.4
492,Dukat,RU,2022-09-25 00:26:02,62.55,155.55,26.96,86,24,3.06
493,Pirovskoye,RU,2022-09-25 00:26:02,57.6267,92.2658,34.2,97,100,4.12
494,Swellendam,ZA,2022-09-25 00:26:03,-34.0226,20.4417,54.93,82,100,0.89
495,Hopkinsville,US,2022-09-25 00:21:46,36.8656,-87.4886,78.75,67,3,1.01
496,Kletskaya,RU,2022-09-25 00:26:04,49.3145,43.0584,50.22,80,94,7.65
497,Khartoum,SD,2022-09-25 00:26:05,15.5518,32.5324,87.85,42,20,8.77
498,Koath,IN,2022-09-25 00:26:06,25.3167,84.2667,75.85,83,100,3.53
499,Gigmoto,PH,2022-09-25 00:26:07,13.7796,124.39,79.77,87,100,15.93
500,Senneterre,CA,2022-09-25 00:26:07,48.3835,-77.2328,46.89,77,2,4.23
501,Timizart,DZ,2022-09-25 00:24:13,36.8,4.2667,74.88,44,90,10.07
502,Mount Gambier,AU,2022-09-25 00:26:08,-37.8333,140.7667,55.08,56,80,8.66
503,Pombia,IT,2022-09-25 00:26:09,45.653,8.6336,56.21,94,75,4.61
504,Chimore,BO,2022-09-25 00:27:10,-16.9833,-65.1333,73.27,63,80,3.76
505,Port Macquarie,AU,2022-09-25 00:27:10,-31.4333,152.9167,69.89,54,0,6.29
506,Kokopo,PG,2022-09-25 00:27:11,-4.352,152.2633,84.52,65,67,4.23
507,Montepuez,MZ,2022-09-25 00:27:12,-13.1256,38.9997,66.0,83,42,3.09
508,Novyy Urengoy,RU,2022-09-25 00:27:13,66.0833,76.6333,30.06,76,84,12.59
509,Garmsar,IR,2022-09-25 00:27:13,35.2182,52.3409,81.32,17,0,4.85
510,Jining,CN,2022-09-25 00:27:14,35.405,116.5814,62.02,59,1,6.87
511,Korla,CN,2022-09-25 00:27:15,41.7597,86.1469,68.16,21,20,4.61
512,Porto Walter,BR,2022-09-25 00:27:15,-8.2686,-72.7439,76.14,78,40,2.24
513,Kuandian,CN,2022-09-25 00:27:16,40.7286,124.7847,57.85,74,100,2.93
514,Fenoarivo Atsinanana,MG,2022-09-25 00:27:16,-17.3667,49.4167,68.04,90,65,5.12
515,Bikin,RU,2022-09-25 00:27:17,46.8161,134.26,56.14,81,2,4.52
516,Tshikapa,CD,2022-09-25 00:23:19,-6.4167,20.8,69.89,94,100,2.95
517,Manicore,BR,2022-09-25 00:27:18,-5.8092,-61.3003,80.55,83,0,0.0
518,Jacareacanga,BR,2022-09-25 00:27:18,-6.2222,-57.7528,82.2,38,6,1.16
519,Great Yarmouth,GB,2022-09-25 00:27:19,52.6083,1.7305,50.95,70,21,11.54
520,Peterhead,GB,2022-09-25 00:27:19,57.5058,-1.7981,50.5,76,79,9.57
521,Nizhniy Odes,RU,2022-09-25 00:27:20,63.6445,54.856,32.41,81,6,8.41
522,Rio Grande,BR,2022-09-25 00:27:21,-32.035,-52.0986,48.31,73,2,9.78
523,Chor,PK,2022-09-25 00:27:21,25.5167,69.7667,79.16,74,70,15.1
524,Tyukalinsk,RU,2022-09-25 00:27:22,55.8732,72.1967,53.64,80,100,8.03
525,Salta,AR,2022-09-25 00:27:23,-24.7859,-65.4117,61.57,41,0,4.61
526,Mango,US,2022-09-25 00:22:54,27.9797,-82.3065,85.91,72,0,4.61
527,Kurilsk,RU,2022-09-25 00:27:24,45.2333,147.8833,61.43,78,84,16.26
528,Beringovskiy,RU,2022-09-25 00:27:25,63.05,179.3167,36.84,80,86,23.44
529,Bardiyah,LY,2022-09-25 00:27:26,31.7561,25.0865,72.73,66,41,17.72
530,Rusape,ZW,2022-09-25 00:27:26,-18.5278,32.1284,55.13,82,4,4.63
531,Celestun,MX,2022-09-25 00:27:27,20.8667,-90.4,82.71,73,46,14.43
532,Cap Malheureux,MU,2022-09-25 00:27:27,-19.9842,57.6142,69.48,71,9,5.01
533,Aventura,US,2022-09-25 00:27:28,25.9565,-80.1392,81.01,85,20,6.91
534,Bireun,ID,2022-09-25 00:27:28,5.203,96.7009,77.47,78,95,4.52
535,Saint-Georges,GD,2022-09-25 00:22:57,12.0564,-61.7485,82.08,83,20,5.75
536,Sitapur,IN,2022-09-25 00:27:30,27.5667,80.6833,74.08,94,100,5.91
537,Warwick,US,2022-09-25 00:23:59,41.7001,-71.4162,60.91,74,20,5.75
538,Trincomalee,LK,2022-09-25 00:27:31,8.5711,81.2335,78.19,74,72,9.78
539,Omboue,GA,2022-09-25 00:27:31,-1.5746,9.2618,75.83,85,96,9.55
540,Raga,SS,2022-09-25 00:27:33,8.4596,25.678,70.21,96,97,3.78
541,College,US,2022-09-25 00:27:33,64.8569,-147.8028,53.55,66,75,8.05
542,Palmer,US,2022-09-25 00:25:50,42.1584,-72.3287,57.24,79,20,3.44
543,Lavrentiya,RU,2022-09-25 00:27:34,65.5833,-171.0,38.89,79,100,11.3
544,Broken Hill,AU,2022-09-25 00:27:35,-31.95,141.4333,69.35,36,5,12.86
545,Middleton,GB,2022-09-25 00:27:36,53.55,-2.2,49.24,92,65,3.33
546,Taber,CA,2022-09-25 00:27:37,49.8167,-112.1518,73.6,26,28,6.91
547,Marzuq,YE,2022-09-25 00:27:37,14.4,46.4667,77.72,52,100,3.6
548,Okha,RU,2022-09-25 00:27:38,53.5739,142.9478,49.01,95,100,22.57
549,Pitanga,BR,2022-09-25 00:27:38,-24.7572,-51.7614,58.23,67,51,3.11
550,Falmouth,GB,2022-09-25 00:28:39,50.1544,-5.0711,54.5,82,12,6.91
551,Panzhihua,CN,2022-09-25 00:28:40,26.5851,101.7128,65.28,95,99,2.33
552,Cremona,IT,2022-09-25 00:28:40,45.2333,9.9333,60.82,98,100,3.04
553,Hasaki,JP,2022-09-25 00:28:41,35.7333,140.8333,75.6,65,93,25.32
554,Pervomayskoye,RU,2022-09-25 00:28:41,43.919,46.7102,54.91,78,99,7.78
555,Shelburne,CA,2022-09-25 00:28:42,44.0787,-80.2041,53.29,76,100,3.94
556,Krabi,TH,2022-09-25 00:28:42,8.0726,98.9105,82.06,98,75,1.14
557,Dubbo,AU,2022-09-25 00:28:43,-32.25,148.6167,60.93,59,75,5.75
558,Ostrovnoy,RU,2022-09-25 00:28:43,68.0531,39.5131,39.76,81,100,8.66
559,Valleyview,CA,2022-09-25 00:28:44,55.0667,-117.2859,64.44,29,9,12.66
560,Sembakung,ID,2022-09-25 00:28:44,3.8167,117.25,76.33,94,100,2.33
561,Porto Nacional,BR,2022-09-25 00:28:45,-10.7081,-48.4172,82.4,53,75,8.16
562,Kwinana,AU,2022-09-25 00:27:40,-32.25,115.7667,55.92,66,96,1.01
563,Otane,NZ,2022-09-25 00:28:46,-39.8833,176.6333,57.0,91,100,8.28
564,Mao,ES,2022-09-25 00:28:46,39.8885,4.2658,72.16,83,20,9.22
565,Tessalit,ML,2022-09-25 00:28:47,20.1986,1.0114,90.19,22,10,2.75
566,Smithfield,US,2022-09-25 00:28:38,41.922,-71.5495,58.59,76,0,4.61
567,Rongcheng,CN,2022-09-25 00:28:48,30.634,117.8517,65.79,73,99,1.23
568,Champerico,GT,2022-09-25 00:28:49,14.3,-91.9167,81.14,82,66,5.88
569,Zhezkazgan,KZ,2022-09-25 00:28:49,47.8043,67.7144,63.9,43,0,5.26
570,Santa Maria,BR,2022-09-25 00:24:25,-29.6842,-53.8069,54.7,67,0,3.44
571,Neyshabur,IR,2022-09-25 00:28:51,36.2133,58.7958,70.38,18,0,2.1
572,Poopo,BO,2022-09-25 00:28:51,-18.3667,-66.9667,46.8,18,72,15.95
573,Oudtshoorn,ZA,2022-09-25 00:28:52,-33.5907,22.2014,50.36,72,100,1.19
574,Guozhen,CN,2022-09-25 00:28:53,34.3659,107.359,62.01,66,45,1.57
575,Sooke,CA,2022-09-25 00:28:54,48.3746,-123.7276,69.6,70,84,3.44
576,Nijar,ES,2022-09-25 00:28:55,36.9665,-2.206,67.66,78,0,4.61
577,Gondanglegi,ID,2022-09-25 00:28:55,-7.7479,112.0132,79.14,76,92,14.09
578,Parati,BR,2022-09-25 00:28:56,-23.2178,-44.7131,61.41,86,49,1.66
579,Christchurch,NZ,2022-09-25 00:27:08,-43.5333,172.6333,59.32,67,100,1.14
580,Mount Isa,AU,2022-09-25 00:28:57,-20.7333,139.5,82.17,18,2,8.05
581,Quelimane,MZ,2022-09-25 00:28:57,-17.8786,36.8883,67.95,94,100,0.0
582,Morehead,US,2022-09-25 00:28:58,37.2711,-87.1764,75.99,77,0,0.0
583,Limerick,IE,2022-09-25 00:28:58,52.6647,-8.6231,48.07,93,78,3.15
